{"cameraMode":{"drawMode":0,"name":"Shaded","section":"Shading Mode"},"sceneLighting":false,"audioPlay":false,"sceneViewState":{"showFog":false,"showMaterialUpdate":false,"showSkybox":false,"showFlares":false,"showImageEffects":false,"showParticleSystems":false},"in2DMode":false,"pivot":{"x":6.8853349685668949,"y":11.096845626831055,"z":-0.9880823493003845},"rotation":{"x":-0.03456150367856026,"y":0.9451835751533508,"z":-0.30674418807029726,"w":-0.10649687051773071},"size":3.1719510555267336,"orthographic":false}