{"cameraMode":{"drawMode":0,"name":"Shaded","section":"Shading Mode"},"sceneLighting":false,"audioPlay":false,"sceneViewState":{"showFog":false,"showMaterialUpdate":false,"showSkybox":false,"showFlares":false,"showImageEffects":false,"showParticleSystems":false},"in2DMode":false,"pivot":{"x":-4.272980213165283,"y":0.3100000023841858,"z":-6.775276184082031},"rotation":{"x":-0.14081542193889619,"y":-0.018713949248194696,"z":0.002662179758772254,"w":-0.9898554086685181},"size":1.714731216430664,"orthographic":false}