{"cameraMode":{"drawMode":0,"name":"Shaded","section":"Shading Mode"},"sceneLighting":true,"audioPlay":false,"sceneViewState":{"showFog":false,"showMaterialUpdate":false,"showSkybox":false,"showFlares":false,"showImageEffects":false,"showParticleSystems":false},"in2DMode":false,"pivot":{"x":359.0631408691406,"y":203.87246704101563,"z":-22.82518768310547},"rotation":{"x":-0.14081542193889619,"y":-0.018713949248194696,"z":0.002662179758772254,"w":-0.9898554086685181},"size":458.1622314453125,"orthographic":false}