{"cameraMode":{"drawMode":0,"name":"Shaded","section":"Shading Mode"},"sceneLighting":false,"audioPlay":false,"sceneViewState":{"showFog":false,"showMaterialUpdate":false,"showSkybox":false,"showFlares":false,"showImageEffects":false,"showParticleSystems":false},"in2DMode":false,"pivot":{"x":9.264251708984375,"y":1.8230000734329224,"z":-4.212009429931641},"rotation":{"x":-0.10054595023393631,"y":0.8969265222549439,"z":-0.33792322874069216,"w":-0.2668731212615967},"size":7.067802906036377,"orthographic":false}