{"cameraMode":{"drawMode":0,"name":"Shaded","section":"Shading Mode"},"sceneLighting":false,"audioPlay":false,"sceneViewState":{"showFog":true,"showMaterialUpdate":true,"showSkybox":false,"showFlares":true,"showImageEffects":true,"showParticleSystems":true},"in2DMode":false,"pivot":{"x":0.3999999761581421,"y":2.259999990463257,"z":1.5700000524520875},"rotation":{"x":-0.03304276987910271,"y":0.966808557510376,"z":-0.17025187611579896,"w":-0.18763966858386994},"size":2.857883930206299,"orthographic":false}